,x_coord,y_coord
0,3.1564591458879407,0.284257756896637
1,4.530306768458923,1.185660998640687
2,2.6698226388996202,1.1770183519408133
3,1.0892818203683619,3.8718569103446443
4,8.681664792853784,0.21300565532411553
5,6.297285178269823,1.7734763948924426
6,3.525187079173151,2.3458330181068554
7,0.6753759936467085,3.8378995975380654
8,6.263505918617513,4.317583189070662
9,5.98660859897128,3.8881023816910827
10,0.9221725110274981,1.1295007800172563
