x_coord,y_coord
6.3129182917758815,1.137031027586548
9.060613536917845,4.742643994562748
5.3396452777992405,4.708073407763253
2.1785636407367237,15.487427641378577
17.363329585707568,0.8520226212964621
12.594570356539647,7.09390557956977
7.050374158346302,9.383332072427422
1.350751987293417,15.351598390152262
12.527011837235026,17.27033275628265
11.97321719794256,15.55240952676433
1.8443450220549962,4.518003120069025
