,x_coord,y_coord
0,3.1564591458879407,3.1486425891349117
1,4.530306768458923,1.7625935395865755
2,2.6698226388996202,0.33768799682335426
3,1.0892818203683619,3.1317529593087565
4,8.681664792853784,2.99330429948564
