x_coord,y_coord
6.3129182917758815,7.050374158346302
9.060613536917845,1.350751987293417
5.3396452777992405,12.527011837235026
2.1785636407367237,11.97321719794256
17.363329585707568,1.8443450220549962
12.594570356539647,1.137031027586548
