,x_coord,y_coord
0,6.3129182917758815,12.527011837235026
1,9.060613536917845,11.97321719794256
2,5.3396452777992405,1.8443450220549962
3,2.1785636407367237,1.137031027586548
4,17.363329585707568,4.742643994562748
5,12.594570356539647,4.708073407763253
6,7.050374158346302,15.487427641378577
7,1.350751987293417,0.8520226212964621
